日期,营销活动
2025/8/25,8月活动
2025/8/26,8月活动
2025/8/27,8月活动
2025/8/28,8月活动
2025/8/29,8月活动
2025/8/30,8月活动
2025/8/31,8月活动
2025/9/1,8月活动
2025/9/2,8月活动
2025/9/3,8月活动
2025/9/25,9月活动
2025/9/26,9月活动
2025/9/27,9月活动
2025/9/28,9月活动
2025/9/29,9月活动
2025/9/30,9月活动
2025/10/1,9月活动
2025/10/2,9月活动
2025/10/3,9月活动
2025/10/4,9月活动
2025/10/5,9月活动
2025/10/24,10月活动
2025/10/25,10月活动
2025/10/26,10月活动
2025/10/27,10月活动
2025/10/28,10月活动
2025/10/29,10月活动
2025/10/30,10月活动
2025/10/31,10月活动
2025/11/1,10月活动
2025/11/2,10月活动
2025/11/3,10月活动
2025/11/23,11月活动
2025/11/24,11月活动
2025/11/25,11月活动
2025/11/26,11月活动
2025/11/27,11月活动
2025/11/28,11月活动
2025/11/29,11月活动
2025/11/30,11月活动
2025/12/1,11月活动
2025/12/2,11月活动
2025/12/3,11月活动
